subsidiary_id,order_id,order_timestamp,customer_id,region,country,city,channel,sku,category,qty,unit_price,discount_pct,coupon_code,total_amount,order_date
BSH,BSH_ORD_20251104_0001,2025-11-04T19:22:37Z,CUST_03057,EU,DE,Berlin,marketplace,SKU-2001,home,1,49.99,5,,47.49,2025-11-04
BSH,BSH_ORD_20251104_0002,2025-11-04T04:33:45Z,CUST_00591,NA,US,Seattle,online,SKU-2001,home,3,99.99,0,,299.97,2025-11-04
BSH,BSH_ORD_20251104_0003,2025-11-04T20:06:36Z,CUST_04943,EU,DE,Berlin,mobile_app,SKU-3001,fitness,1,49.99,5,,47.49,2025-11-04
BSH,BSH_ORD_20251104_0004,2025-11-04T17:22:11Z,CUST_04657,NA,US,Austin,mobile_app,SKU-4001,electronics,5,9.99,0,,49.95,2025-11-04
BSH,BSH_ORD_20251104_0005,2025-11-04T18:42:21Z,CUST_03052,EU,DE,Berlin,online,SKU-1001,apparel,2,49.99,0,,99.98,2025-11-04
BSH,BSH_ORD_20251104_0006,2025-11-04T09:58:37Z,CUST_02987,EU,UK,London,online,SKU-1001,apparel,5,9.99,15,,42.46,2025-11-04
BSH,BSH_ORD_20251104_0007,2025-11-04T19:42:56Z,CUST_00260,EU,DE,Berlin,marketplace,SKU-5001,outdoor,5,14.99,15,,63.71,2025-11-04
BSH,BSH_ORD_20251104_0008,2025-11-04T17:47:40Z,CUST_01610,NA,US,Austin,marketplace,SKU-5001,outdoor,3,29.99,15,,76.47,2025-11-04
BSH,BSH_ORD_20251104_0009,2025-11-04T00:06:00Z,CUST_04961,NA,US,Denver,marketplace,SKU-4001,electronics,3,99.99,10,,269.97,2025-11-04
BSH,BSH_ORD_20251104_0010,2025-11-04T01:25:34Z,CUST_02905,EU,UK,London,marketplace,SKU-1001,apparel,2,29.99,5,,56.98,2025-11-04
BSH,BSH_ORD_20251104_0011,2025-11-04T16:29:56Z,CUST_02388,EU,UK,London,mobile_app,SKU-5001,outdoor,2,9.99,5,,18.98,2025-11-04
BSH,BSH_ORD_20251104_0012,2025-11-04T17:02:15Z,CUST_04224,NA,US,Austin,mobile_app,SKU-1001,apparel,1,29.99,5,,28.49,2025-11-04
BSH,BSH_ORD_20251104_0013,2025-11-04T21:25:20Z,CUST_03230,NA,US,Denver,online,SKU-5001,outdoor,4,9.99,0,,39.96,2025-11-04
BSH,BSH_ORD_20251104_0014,2025-11-04T05:20:19Z,CUST_02927,NA,US,Denver,mobile_app,SKU-4001,electronics,5,99.99,0,,499.95,2025-11-04
BSH,BSH_ORD_20251104_0015,2025-11-04T16:59:57Z,CUST_04925,NA,US,Denver,online,SKU-5001,outdoor,2,49.99,15,,84.98,2025-11-04
BSH,BSH_ORD_20251104_0016,2025-11-04T09:55:53Z,CUST_04697,NA,US,Seattle,marketplace,SKU-1001,apparel,5,14.99,15,,63.71,2025-11-04
BSH,BSH_ORD_20251104_0017,2025-11-04T04:48:14Z,CUST_00137,EU,DE,Berlin,online,SKU-2001,home,5,49.99,0,,249.95,2025-11-04
BSH,BSH_ORD_20251104_0018,2025-11-04T00:22:59Z,CUST_04991,NA,US,Denver,online,SKU-3001,fitness,1,49.99,5,,47.49,2025-11-04
BSH,BSH_ORD_20251104_0019,2025-11-04T05:06:13Z,CUST_04242,NA,US,Denver,mobile_app,SKU-1001,apparel,1,29.99,5,,28.49,2025-11-04
BSH,BSH_ORD_20251104_0020,2025-11-04T11:03:36Z,CUST_02039,NA,US,Austin,marketplace,SKU-5001,outdoor,1,29.99,15,,25.49,2025-11-04
BSH,BSH_ORD_20251104_0021,2025-11-04T12:01:08Z,CUST_00998,NA,US,Seattle,marketplace,SKU-4001,electronics,5,14.99,15,,63.71,2025-11-04
BSH,BSH_ORD_20251104_0022,2025-11-04T06:25:38Z,CUST_03091,EU,UK,London,marketplace,SKU-4001,electronics,2,9.99,0,,19.98,2025-11-04
BSH,BSH_ORD_20251104_0023,2025-11-04T14:37:49Z,CUST_01537,EU,UK,London,online,SKU-5001,outdoor,5,9.99,15,,42.46,2025-11-04
BSH,BSH_ORD_20251104_0024,2025-11-04T07:30:50Z,CUST_02068,NA,US,Austin,online,SKU-2001,home,4,9.99,5,,37.96,2025-11-04
BSH,BSH_ORD_20251104_0025,2025-11-04T18:24:29Z,CUST_02743,NA,US,Seattle,mobile_app,SKU-3001,fitness,2,9.99,10,,17.98,2025-11-04
BSH,BSH_ORD_20251104_0026,2025-11-04T00:25:29Z,CUST_03568,EU,DE,Berlin,mobile_app,SKU-2001,home,2,14.99,10,,26.98,2025-11-04
BSH,BSH_ORD_20251104_0027,2025-11-04T11:06:04Z,CUST_04137,EU,DE,Berlin,mobile_app,SKU-5001,outdoor,3,9.99,0,,29.97,2025-11-04
BSH,BSH_ORD_20251104_0028,2025-11-04T03:25:24Z,CUST_04231,EU,UK,London,marketplace,SKU-1001,apparel,5,14.99,0,,74.95,2025-11-04
BSH,BSH_ORD_20251104_0029,2025-11-04T04:13:21Z,CUST_02172,NA,US,Seattle,online,SKU-3001,fitness,5,14.99,0,,74.95,2025-11-04
BSH,BSH_ORD_20251104_0030,2025-11-04T00:39:04Z,CUST_00736,NA,US,Seattle,marketplace,SKU-2001,home,5,49.99,5,,237.45,2025-11-04
BSH,BSH_ORD_20251104_0031,2025-11-04T20:13:42Z,CUST_00433,NA,US,Seattle,mobile_app,SKU-3001,fitness,3,99.99,5,,284.97,2025-11-04
BSH,BSH_ORD_20251104_0032,2025-11-04T10:41:55Z,CUST_03113,NA,US,Austin,mobile_app,SKU-3001,fitness,2,99.99,10,,179.98,2025-11-04
BSH,BSH_ORD_20251104_0033,2025-11-04T03:03:40Z,CUST_00745,EU,DE,Berlin,online,SKU-2001,home,3,14.99,15,,38.22,2025-11-04
BSH,BSH_ORD_20251104_0034,2025-11-04T00:13:50Z,CUST_03422,EU,DE,Berlin,marketplace,SKU-4001,electronics,2,14.99,0,,29.98,2025-11-04
BSH,BSH_ORD_20251104_0035,2025-11-04T19:33:39Z,CUST_04621,EU,UK,London,marketplace,SKU-3001,fitness,3,49.99,10,,134.97,2025-11-04
BSH,BSH_ORD_20251104_0036,2025-11-04T20:08:02Z,CUST_04045,NA,US,Denver,marketplace,SKU-1001,apparel,5,14.99,15,,63.71,2025-11-04
BSH,BSH_ORD_20251104_0037,2025-11-04T10:29:25Z,CUST_01933,NA,US,Austin,online,SKU-2001,home,1,99.99,5,,94.99,2025-11-04
BSH,BSH_ORD_20251104_0038,2025-11-04T17:04:59Z,CUST_03408,EU,DE,Berlin,mobile_app,SKU-1001,apparel,2,14.99,0,,29.98,2025-11-04
BSH,BSH_ORD_20251104_0039,2025-11-04T18:58:07Z,CUST_01118,NA,US,Denver,online,SKU-3001,fitness,4,49.99,10,,179.96,2025-11-04
BSH,BSH_ORD_20251104_0040,2025-11-04T09:31:44Z,CUST_01679,NA,US,Seattle,mobile_app,SKU-1001,apparel,3,9.99,10,,26.97,2025-11-04
BSH,BSH_ORD_20251104_0041,2025-11-04T09:11:48Z,CUST_03769,EU,DE,Berlin,online,SKU-4001,electronics,5,49.99,15,,212.46,2025-11-04
BSH,BSH_ORD_20251104_0042,2025-11-04T09:47:23Z,CUST_00047,NA,US,Seattle,marketplace,SKU-3001,fitness,2,14.99,0,,29.98,2025-11-04
BSH,BSH_ORD_20251104_0043,2025-11-04T11:14:11Z,CUST_01916,NA,US,Denver,online,SKU-3001,fitness,5,29.99,0,,149.95,2025-11-04
BSH,BSH_ORD_20251104_0044,2025-11-04T17:50:42Z,CUST_02480,EU,DE,Berlin,marketplace,SKU-3001,fitness,2,29.99,10,,53.98,2025-11-04
BSH,BSH_ORD_20251104_0045,2025-11-04T05:47:41Z,CUST_00159,EU,UK,London,mobile_app,SKU-1001,apparel,5,49.99,0,,249.95,2025-11-04
BSH,BSH_ORD_20251104_0046,2025-11-04T04:00:10Z,CUST_01156,NA,US,Austin,mobile_app,SKU-5001,outdoor,5,29.99,5,,142.45,2025-11-04
BSH,BSH_ORD_20251104_0047,2025-11-04T09:35:55Z,CUST_00167,EU,DE,Berlin,online,SKU-5001,outdoor,5,99.99,0,,499.95,2025-11-04
BSH,BSH_ORD_20251104_0048,2025-11-04T01:12:30Z,CUST_00843,EU,DE,Berlin,marketplace,SKU-2001,home,2,14.99,10,,26.98,2025-11-04
BSH,BSH_ORD_20251104_0049,2025-11-04T23:04:05Z,CUST_01873,NA,US,Austin,online,SKU-5001,outdoor,3,49.99,5,,142.47,2025-11-04
BSH,BSH_ORD_20251104_0050,2025-11-04T13:11:45Z,CUST_03525,EU,DE,Berlin,mobile_app,SKU-2001,home,5,99.99,0,,499.95,2025-11-04
BSH,BSH_ORD_20251104_0051,2025-11-04T00:38:30Z,CUST_02104,NA,US,Austin,marketplace,SKU-3001,fitness,4,14.99,10,,53.96,2025-11-04
BSH,BSH_ORD_20251104_0052,2025-11-04T10:42:22Z,CUST_01612,EU,UK,London,online,SKU-5001,outdoor,2,9.99,5,,18.98,2025-11-04
BSH,BSH_ORD_20251104_0053,2025-11-04T07:42:01Z,CUST_00698,NA,US,Seattle,mobile_app,SKU-5001,outdoor,1,14.99,10,,13.49,2025-11-04
BSH,BSH_ORD_20251104_0054,2025-11-04T00:01:02Z,CUST_00378,NA,US,Seattle,online,SKU-5001,outdoor,4,49.99,15,,169.97,2025-11-04
BSH,BSH_ORD_20251104_0055,2025-11-04T18:58:13Z,CUST_02350,EU,DE,Berlin,marketplace,SKU-5001,outdoor,3,9.99,5,,28.47,2025-11-04
BSH,BSH_ORD_20251104_0056,2025-11-04T11:07:21Z,CUST_03678,NA,US,Austin,marketplace,SKU-2001,home,5,9.99,10,,44.96,2025-11-04
BSH,BSH_ORD_20251104_0057,2025-11-04T17:12:58Z,CUST_01939,EU,UK,London,mobile_app,SKU-5001,outdoor,5,49.99,0,,249.95,2025-11-04
BSH,BSH_ORD_20251104_0058,2025-11-04T16:43:43Z,CUST_04071,NA,US,Seattle,mobile_app,SKU-5001,outdoor,5,14.99,0,,74.95,2025-11-04
BSH,BSH_ORD_20251104_0059,2025-11-04T04:10:04Z,CUST_03725,NA,US,Denver,marketplace,SKU-5001,outdoor,5,9.99,0,,49.95,2025-11-04
BSH,BSH_ORD_20251104_0060,2025-11-04T08:18:38Z,CUST_00746,EU,DE,Berlin,marketplace,SKU-2001,home,5,49.99,10,,224.96,2025-11-04
BSH,BSH_ORD_20251104_0061,2025-11-04T17:47:30Z,CUST_01775,NA,US,Denver,marketplace,SKU-5001,outdoor,1,99.99,10,,89.99,2025-11-04
BSH,BSH_ORD_20251104_0062,2025-11-04T06:20:44Z,CUST_02164,EU,UK,London,mobile_app,SKU-3001,fitness,3,14.99,0,,44.97,2025-11-04
BSH,BSH_ORD_20251104_0063,2025-11-04T05:50:42Z,CUST_03216,NA,US,Denver,mobile_app,SKU-4001,electronics,4,99.99,5,,379.96,2025-11-04
BSH,BSH_ORD_20251104_0064,2025-11-04T11:11:42Z,CUST_02067,NA,US,Seattle,online,SKU-3001,fitness,5,49.99,5,,237.45,2025-11-04
BSH,BSH_ORD_20251104_0065,2025-11-04T05:43:13Z,CUST_01503,NA,US,Seattle,mobile_app,SKU-1001,apparel,3,9.99,5,,28.47,2025-11-04
BSH,BSH_ORD_20251104_0066,2025-11-04T22:10:08Z,CUST_02555,NA,US,Austin,mobile_app,SKU-4001,electronics,3,99.99,0,,299.97,2025-11-04
BSH,BSH_ORD_20251104_0067,2025-11-04T17:40:53Z,CUST_01960,EU,UK,London,marketplace,SKU-3001,fitness,4,99.99,5,,379.96,2025-11-04
BSH,BSH_ORD_20251104_0068,2025-11-04T01:19:23Z,CUST_01145,EU,UK,London,mobile_app,SKU-5001,outdoor,4,49.99,10,,179.96,2025-11-04
BSH,BSH_ORD_20251104_0069,2025-11-04T21:23:44Z,CUST_02037,NA,US,Denver,marketplace,SKU-5001,outdoor,1,49.99,5,,47.49,2025-11-04
BSH,BSH_ORD_20251104_0070,2025-11-04T14:55:49Z,CUST_02685,EU,UK,London,marketplace,SKU-3001,fitness,5,9.99,10,,44.96,2025-11-04
BSH,BSH_ORD_20251104_0071,2025-11-04T07:13:12Z,CUST_01513,NA,US,Seattle,mobile_app,SKU-4001,electronics,2,9.99,10,,17.98,2025-11-04
BSH,BSH_ORD_20251104_0072,2025-11-04T07:57:17Z,CUST_01188,EU,UK,London,online,SKU-1001,apparel,5,9.99,10,,44.96,2025-11-04
BSH,BSH_ORD_20251104_0073,2025-11-04T03:26:29Z,CUST_01166,EU,DE,Berlin,online,SKU-4001,electronics,4,9.99,5,,37.96,2025-11-04
BSH,BSH_ORD_20251104_0074,2025-11-04T09:15:58Z,CUST_03973,NA,US,Denver,online,SKU-5001,outdoor,3,29.99,0,,89.97,2025-11-04
BSH,BSH_ORD_20251104_0075,2025-11-04T16:29:49Z,CUST_02875,NA,US,Austin,mobile_app,SKU-4001,electronics,4,29.99,5,,113.96,2025-11-04
BSH,BSH_ORD_20251104_0076,2025-11-04T05:17:37Z,CUST_03652,NA,US,Austin,marketplace,SKU-2001,home,1,99.99,15,,84.99,2025-11-04
BSH,BSH_ORD_20251104_0077,2025-11-04T02:40:54Z,CUST_02027,NA,US,Austin,marketplace,SKU-4001,electronics,1,9.99,15,,8.49,2025-11-04
BSH,BSH_ORD_20251104_0078,2025-11-04T12:28:17Z,CUST_03676,NA,US,Seattle,online,SKU-5001,outdoor,4,99.99,0,,399.96,2025-11-04
BSH,BSH_ORD_20251104_0079,2025-11-04T18:49:13Z,CUST_04889,NA,US,Denver,mobile_app,SKU-3001,fitness,3,29.99,5,,85.47,2025-11-04
BSH,BSH_ORD_20251104_0080,2025-11-04T04:43:02Z,CUST_03704,EU,UK,London,online,SKU-4001,electronics,3,29.99,0,,89.97,2025-11-04
BSH,BSH_ORD_20251104_0081,2025-11-04T05:26:51Z,CUST_03835,EU,DE,Berlin,mobile_app,SKU-2001,home,4,14.99,5,,56.96,2025-11-04
BSH,BSH_ORD_20251104_0082,2025-11-04T01:38:57Z,CUST_04348,NA,US,Seattle,online,SKU-2001,home,5,49.99,15,,212.46,2025-11-04
BSH,BSH_ORD_20251104_0083,2025-11-04T10:36:44Z,CUST_00553,EU,UK,London,mobile_app,SKU-1001,apparel,1,9.99,5,,9.49,2025-11-04
BSH,BSH_ORD_20251104_0084,2025-11-04T01:00:35Z,CUST_02645,EU,UK,London,online,SKU-2001,home,5,14.99,15,,63.71,2025-11-04
BSH,BSH_ORD_20251104_0085,2025-11-04T16:54:45Z,CUST_04838,NA,US,Seattle,online,SKU-2001,home,4,29.99,0,,119.96,2025-11-04
BSH,BSH_ORD_20251104_0086,2025-11-04T02:20:51Z,CUST_01823,EU,UK,London,mobile_app,SKU-3001,fitness,1,99.99,5,,94.99,2025-11-04
BSH,BSH_ORD_20251104_0087,2025-11-04T13:58:44Z,CUST_01073,NA,US,Austin,mobile_app,SKU-2001,home,2,14.99,0,,29.98,2025-11-04
BSH,BSH_ORD_20251104_0088,2025-11-04T04:08:41Z,CUST_03742,EU,UK,London,online,SKU-2001,home,1,14.99,5,,14.24,2025-11-04
BSH,BSH_ORD_20251104_0089,2025-11-04T17:36:59Z,CUST_01599,EU,UK,London,online,SKU-4001,electronics,4,29.99,5,,113.96,2025-11-04
BSH,BSH_ORD_20251104_0090,2025-11-04T01:43:42Z,CUST_00274,EU,UK,London,online,SKU-5001,outdoor,4,9.99,10,,35.96,2025-11-04
BSH,BSH_ORD_20251104_0091,2025-11-04T00:38:38Z,CUST_03031,NA,US,Austin,online,SKU-5001,outdoor,5,14.99,15,,63.71,2025-11-04
BSH,BSH_ORD_20251104_0092,2025-11-04T06:26:08Z,CUST_00083,EU,DE,Berlin,mobile_app,SKU-3001,fitness,2,14.99,5,,28.48,2025-11-04
BSH,BSH_ORD_20251104_0093,2025-11-04T02:18:01Z,CUST_02268,EU,UK,London,online,SKU-3001,fitness,5,49.99,15,,212.46,2025-11-04
BSH,BSH_ORD_20251104_0094,2025-11-04T16:38:03Z,CUST_02981,EU,DE,Berlin,online,SKU-3001,fitness,1,29.99,0,,29.99,2025-11-04
BSH,BSH_ORD_20251104_0095,2025-11-04T17:00:29Z,CUST_02811,EU,UK,London,marketplace,SKU-3001,fitness,4,99.99,10,,359.96,2025-11-04
BSH,BSH_ORD_20251104_0096,2025-11-04T19:25:37Z,CUST_04451,NA,US,Austin,marketplace,SKU-3001,fitness,3,99.99,15,,254.97,2025-11-04
BSH,BSH_ORD_20251104_0097,2025-11-04T07:45:52Z,CUST_04449,EU,DE,Berlin,mobile_app,SKU-2001,home,3,14.99,10,,40.47,2025-11-04
BSH,BSH_ORD_20251104_0098,2025-11-04T14:21:58Z,CUST_00993,EU,DE,Berlin,marketplace,SKU-1001,apparel,1,14.99,10,,13.49,2025-11-04
BSH,BSH_ORD_20251104_0099,2025-11-04T23:54:14Z,CUST_03165,EU,UK,London,marketplace,SKU-1001,apparel,2,14.99,0,,29.98,2025-11-04
BSH,BSH_ORD_20251104_0100,2025-11-04T16:08:42Z,CUST_01225,EU,UK,London,marketplace,SKU-2001,home,3,99.99,0,,299.97,2025-11-04
BSH,BSH_ORD_20251104_0101,2025-11-04T20:53:25Z,CUST_03403,EU,DE,Berlin,mobile_app,SKU-5001,outdoor,3,14.99,0,,44.97,2025-11-04
BSH,BSH_ORD_20251104_0102,2025-11-04T22:33:11Z,CUST_00690,NA,US,Austin,online,SKU-3001,fitness,5,49.99,5,,237.45,2025-11-04
BSH,BSH_ORD_20251104_0103,2025-11-04T16:55:00Z,CUST_02447,NA,US,Austin,mobile_app,SKU-1001,apparel,5,49.99,5,,237.45,2025-11-04
BSH,BSH_ORD_20251104_0104,2025-11-04T22:17:44Z,CUST_02219,NA,US,Seattle,mobile_app,SKU-5001,outdoor,3,14.99,5,,42.72,2025-11-04
BSH,BSH_ORD_20251104_0105,2025-11-04T10:32:23Z,CUST_03519,EU,UK,London,marketplace,SKU-3001,fitness,4,29.99,0,,119.96,2025-11-04
BSH,BSH_ORD_20251104_0106,2025-11-04T17:27:39Z,CUST_03892,NA,US,Austin,online,SKU-1001,apparel,1,14.99,0,,14.99,2025-11-04
BSH,BSH_ORD_20251104_0107,2025-11-04T10:05:49Z,CUST_03878,EU,DE,Berlin,marketplace,SKU-4001,electronics,3,29.99,10,,80.97,2025-11-04
BSH,BSH_ORD_20251104_0108,2025-11-04T04:59:01Z,CUST_01410,NA,US,Seattle,marketplace,SKU-5001,outdoor,2,49.99,15,,84.98,2025-11-04
BSH,BSH_ORD_20251104_0109,2025-11-04T00:03:18Z,CUST_04686,NA,US,Denver,mobile_app,SKU-2001,home,3,29.99,5,,85.47,2025-11-04
BSH,BSH_ORD_20251104_0110,2025-11-04T14:39:05Z,CUST_03956,NA,US,Austin,online,SKU-2001,home,4,99.99,5,,379.96,2025-11-04
BSH,BSH_ORD_20251104_0111,2025-11-04T00:21:43Z,CUST_02181,EU,UK,London,marketplace,SKU-5001,outdoor,2,99.99,10,,179.98,2025-11-04
BSH,BSH_ORD_20251104_0112,2025-11-04T17:03:24Z,CUST_01318,EU,UK,London,marketplace,SKU-2001,home,4,49.99,10,,179.96,2025-11-04
BSH,BSH_ORD_20251104_0113,2025-11-04T05:22:38Z,CUST_03843,NA,US,Austin,mobile_app,SKU-1001,apparel,4,29.99,5,,113.96,2025-11-04
BSH,BSH_ORD_20251104_0114,2025-11-04T17:54:06Z,CUST_01442,EU,UK,London,online,SKU-4001,electronics,3,99.99,0,,299.97,2025-11-04
BSH,BSH_ORD_20251104_0115,2025-11-04T06:10:12Z,CUST_01718,NA,US,Seattle,marketplace,SKU-4001,electronics,5,14.99,5,,71.2,2025-11-04
BSH,BSH_ORD_20251104_0116,2025-11-04T05:03:56Z,CUST_01376,EU,UK,London,marketplace,SKU-2001,home,4,9.99,10,,35.96,2025-11-04
BSH,BSH_ORD_20251104_0117,2025-11-04T22:31:23Z,CUST_01305,EU,DE,Berlin,marketplace,SKU-3001,fitness,1,9.99,15,,8.49,2025-11-04
BSH,BSH_ORD_20251104_0118,2025-11-04T13:23:52Z,CUST_03808,NA,US,Austin,mobile_app,SKU-3001,fitness,5,14.99,10,,67.45,2025-11-04
BSH,BSH_ORD_20251104_0119,2025-11-04T04:49:14Z,CUST_04088,EU,DE,Berlin,online,SKU-1001,apparel,5,9.99,5,,47.45,2025-11-04
BSH,BSH_ORD_20251104_0120,2025-11-04T02:25:10Z,CUST_01733,NA,US,Denver,online,SKU-3001,fitness,3,99.99,15,,254.97,2025-11-04
BSH,BSH_ORD_20251104_0121,2025-11-04T14:16:44Z,CUST_03841,NA,US,Austin,online,SKU-3001,fitness,5,14.99,10,,67.45,2025-11-04
BSH,BSH_ORD_20251104_0122,2025-11-04T08:23:16Z,CUST_01240,NA,US,Austin,marketplace,SKU-1001,apparel,3,49.99,10,,134.97,2025-11-04
BSH,BSH_ORD_20251104_0123,2025-11-04T10:17:10Z,CUST_03749,EU,DE,Berlin,marketplace,SKU-2001,home,4,49.99,15,,169.97,2025-11-04
BSH,BSH_ORD_20251104_0124,2025-11-04T00:34:19Z,CUST_04328,NA,US,Austin,online,SKU-3001,fitness,3,29.99,10,,80.97,2025-11-04
BSH,BSH_ORD_20251104_0125,2025-11-04T08:45:41Z,CUST_01674,EU,DE,Berlin,online,SKU-1001,apparel,2,9.99,10,,17.98,2025-11-04
BSH,BSH_ORD_20251104_0126,2025-11-04T17:11:41Z,CUST_02053,EU,UK,London,marketplace,SKU-4001,electronics,5,49.99,0,,249.95,2025-11-04
BSH,BSH_ORD_20251104_0127,2025-11-04T01:46:07Z,CUST_04088,EU,UK,London,mobile_app,SKU-3001,fitness,2,29.99,15,,50.98,2025-11-04
BSH,BSH_ORD_20251104_0128,2025-11-04T05:38:56Z,CUST_00546,NA,US,Austin,online,SKU-4001,electronics,5,9.99,10,,44.96,2025-11-04
BSH,BSH_ORD_20251104_0129,2025-11-04T18:34:19Z,CUST_02733,EU,UK,London,mobile_app,SKU-2001,home,2,29.99,0,,59.98,2025-11-04
BSH,BSH_ORD_20251104_0130,2025-11-04T06:43:02Z,CUST_00827,EU,UK,London,marketplace,SKU-5001,outdoor,1,14.99,5,,14.24,2025-11-04
BSH,BSH_ORD_20251104_0131,2025-11-04T01:08:35Z,CUST_00077,NA,US,Denver,online,SKU-2001,home,3,49.99,10,,134.97,2025-11-04
BSH,BSH_ORD_20251104_0132,2025-11-04T15:43:43Z,CUST_03353,EU,DE,Berlin,online,SKU-4001,electronics,4,99.99,15,,339.97,2025-11-04
BSH,BSH_ORD_20251104_0133,2025-11-04T17:40:07Z,CUST_01929,NA,US,Denver,mobile_app,SKU-4001,electronics,5,49.99,0,,249.95,2025-11-04
BSH,BSH_ORD_20251104_0134,2025-11-04T04:14:28Z,CUST_01871,NA,US,Denver,online,SKU-4001,electronics,5,49.99,5,,237.45,2025-11-04
BSH,BSH_ORD_20251104_0135,2025-11-04T09:13:59Z,CUST_04737,NA,US,Austin,mobile_app,SKU-3001,fitness,2,14.99,15,,25.48,2025-11-04
BSH,BSH_ORD_20251104_0136,2025-11-04T07:01:00Z,CUST_03609,NA,US,Austin,marketplace,SKU-2001,home,5,99.99,15,,424.96,2025-11-04
BSH,BSH_ORD_20251104_0137,2025-11-04T07:54:22Z,CUST_03722,NA,US,Austin,online,SKU-2001,home,4,99.99,0,,399.96,2025-11-04
BSH,BSH_ORD_20251104_0138,2025-11-04T16:08:27Z,CUST_01324,NA,US,Austin,online,SKU-4001,electronics,3,9.99,5,,28.47,2025-11-04
BSH,BSH_ORD_20251104_0139,2025-11-04T11:29:12Z,CUST_00946,EU,DE,Berlin,online,SKU-2001,home,5,99.99,5,,474.95,2025-11-04
BSH,BSH_ORD_20251104_0140,2025-11-04T08:08:33Z,CUST_03810,NA,US,Seattle,online,SKU-5001,outdoor,4,49.99,0,,199.96,2025-11-04
BSH,BSH_ORD_20251104_0141,2025-11-04T21:38:36Z,CUST_01695,NA,US,Denver,mobile_app,SKU-3001,fitness,1,9.99,10,,8.99,2025-11-04
BSH,BSH_ORD_20251104_0142,2025-11-04T04:37:17Z,CUST_00011,EU,UK,London,mobile_app,SKU-3001,fitness,1,29.99,5,,28.49,2025-11-04
BSH,BSH_ORD_20251104_0143,2025-11-04T21:37:40Z,CUST_04987,NA,US,Denver,mobile_app,SKU-5001,outdoor,4,14.99,5,,56.96,2025-11-04
BSH,BSH_ORD_20251104_0144,2025-11-04T17:23:45Z,CUST_01831,EU,UK,London,mobile_app,SKU-1001,apparel,2,9.99,5,,18.98,2025-11-04
BSH,BSH_ORD_20251104_0145,2025-11-04T13:46:54Z,CUST_02994,EU,UK,London,online,SKU-4001,electronics,2,9.99,5,,18.98,2025-11-04
BSH,BSH_ORD_20251104_0146,2025-11-04T05:53:10Z,CUST_02889,EU,DE,Berlin,marketplace,SKU-2001,home,1,49.99,5,,47.49,2025-11-04
BSH,BSH_ORD_20251104_0147,2025-11-04T20:52:21Z,CUST_02079,NA,US,Austin,marketplace,SKU-4001,electronics,1,49.99,0,,49.99,2025-11-04
BSH,BSH_ORD_20251104_0148,2025-11-04T15:05:56Z,CUST_04821,NA,US,Seattle,online,SKU-3001,fitness,1,9.99,5,,9.49,2025-11-04
BSH,BSH_ORD_20251104_0149,2025-11-04T05:45:09Z,CUST_00987,NA,US,Austin,online,SKU-5001,outdoor,4,29.99,15,,101.97,2025-11-04
BSH,BSH_ORD_20251104_0150,2025-11-04T20:11:37Z,CUST_04427,NA,US,Denver,online,SKU-1001,apparel,5,29.99,10,,134.95,2025-11-04
BSH,BSH_ORD_20251104_0151,2025-11-04T02:50:09Z,CUST_01092,NA,US,Denver,marketplace,SKU-4001,electronics,4,99.99,15,,339.97,2025-11-04
BSH,BSH_ORD_20251104_0152,2025-11-04T00:05:53Z,CUST_00079,EU,DE,Berlin,online,SKU-5001,outdoor,1,49.99,10,,44.99,2025-11-04
BSH,BSH_ORD_20251104_0153,2025-11-04T21:10:57Z,CUST_00379,NA,US,Austin,marketplace,SKU-5001,outdoor,1,9.99,0,,9.99,2025-11-04
BSH,BSH_ORD_20251104_0154,2025-11-04T23:21:24Z,CUST_04630,EU,DE,Berlin,online,SKU-3001,fitness,3,29.99,0,,89.97,2025-11-04
BSH,BSH_ORD_20251104_0155,2025-11-04T07:48:49Z,CUST_00876,NA,US,Denver,marketplace,SKU-5001,outdoor,4,14.99,15,,50.97,2025-11-04
BSH,BSH_ORD_20251104_0156,2025-11-04T03:08:59Z,CUST_02596,NA,US,Austin,online,SKU-4001,electronics,5,9.99,5,,47.45,2025-11-04
BSH,BSH_ORD_20251104_0157,2025-11-04T11:14:40Z,CUST_04867,NA,US,Austin,marketplace,SKU-3001,fitness,5,9.99,0,,49.95,2025-11-04
BSH,BSH_ORD_20251104_0158,2025-11-04T15:28:35Z,CUST_01912,EU,DE,Berlin,marketplace,SKU-3001,fitness,3,49.99,5,,142.47,2025-11-04
BSH,BSH_ORD_20251104_0159,2025-11-04T06:51:42Z,CUST_02990,NA,US,Seattle,mobile_app,SKU-2001,home,1,99.99,10,,89.99,2025-11-04
BSH,BSH_ORD_20251104_0160,2025-11-04T23:58:53Z,CUST_00793,NA,US,Austin,marketplace,SKU-1001,apparel,5,14.99,5,,71.2,2025-11-04
BSH,BSH_ORD_20251104_0161,2025-11-04T10:04:47Z,CUST_04560,NA,US,Denver,marketplace,SKU-2001,home,2,29.99,10,,53.98,2025-11-04
BSH,BSH_ORD_20251104_0162,2025-11-04T06:17:31Z,CUST_04429,NA,US,Austin,online,SKU-3001,fitness,4,14.99,0,,59.96,2025-11-04
BSH,BSH_ORD_20251104_0163,2025-11-04T03:53:12Z,CUST_03449,EU,UK,London,mobile_app,SKU-1001,apparel,4,49.99,5,,189.96,2025-11-04
BSH,BSH_ORD_20251104_0164,2025-11-04T01:34:37Z,CUST_00184,NA,US,Seattle,mobile_app,SKU-5001,outdoor,1,9.99,10,,8.99,2025-11-04
BSH,BSH_ORD_20251104_0165,2025-11-04T01:27:21Z,CUST_03307,NA,US,Seattle,mobile_app,SKU-3001,fitness,1,29.99,10,,26.99,2025-11-04
BSH,BSH_ORD_20251104_0166,2025-11-04T17:37:14Z,CUST_02010,NA,US,Denver,marketplace,SKU-3001,fitness,4,99.99,10,,359.96,2025-11-04
BSH,BSH_ORD_20251104_0167,2025-11-04T06:23:51Z,CUST_04122,NA,US,Seattle,online,SKU-2001,home,5,99.99,0,,499.95,2025-11-04
BSH,BSH_ORD_20251104_0168,2025-11-04T01:56:44Z,CUST_03114,NA,US,Denver,marketplace,SKU-1001,apparel,3,99.99,10,,269.97,2025-11-04
BSH,BSH_ORD_20251104_0169,2025-11-04T08:04:50Z,CUST_00342,NA,US,Austin,mobile_app,SKU-5001,outdoor,2,99.99,15,,169.98,2025-11-04
BSH,BSH_ORD_20251104_0170,2025-11-04T19:54:08Z,CUST_04109,EU,UK,London,mobile_app,SKU-2001,home,3,14.99,0,,44.97,2025-11-04
BSH,BSH_ORD_20251104_0171,2025-11-04T21:24:46Z,CUST_00785,NA,US,Denver,marketplace,SKU-3001,fitness,3,29.99,15,,76.47,2025-11-04
BSH,BSH_ORD_20251104_0172,2025-11-04T09:24:03Z,CUST_00327,NA,US,Seattle,online,SKU-1001,apparel,4,14.99,10,,53.96,2025-11-04
BSH,BSH_ORD_20251104_0173,2025-11-04T14:45:18Z,CUST_01923,EU,UK,London,online,SKU-5001,outdoor,3,49.99,10,,134.97,2025-11-04
BSH,BSH_ORD_20251104_0174,2025-11-04T15:37:32Z,CUST_02257,NA,US,Austin,marketplace,SKU-5001,outdoor,2,99.99,15,,169.98,2025-11-04
BSH,BSH_ORD_20251104_0175,2025-11-04T15:39:55Z,CUST_03730,NA,US,Seattle,marketplace,SKU-3001,fitness,2,99.99,5,,189.98,2025-11-04
BSH,BSH_ORD_20251104_0176,2025-11-04T22:56:56Z,CUST_02971,NA,US,Austin,online,SKU-2001,home,1,99.99,5,,94.99,2025-11-04
BSH,BSH_ORD_20251104_0177,2025-11-04T20:23:16Z,CUST_02729,NA,US,Denver,marketplace,SKU-1001,apparel,1,29.99,5,,28.49,2025-11-04
BSH,BSH_ORD_20251104_0178,2025-11-04T11:00:37Z,CUST_03290,NA,US,Denver,online,SKU-1001,apparel,2,49.99,15,,84.98,2025-11-04
BSH,BSH_ORD_20251104_0179,2025-11-04T11:34:58Z,CUST_02342,EU,UK,London,marketplace,SKU-4001,electronics,2,9.99,15,,16.98,2025-11-04
BSH,BSH_ORD_20251104_0180,2025-11-04T13:37:25Z,CUST_00502,NA,US,Austin,marketplace,SKU-4001,electronics,4,99.99,15,,339.97,2025-11-04
BSH,BSH_ORD_20251104_0181,2025-11-04T15:38:07Z,CUST_04091,NA,US,Denver,marketplace,SKU-2001,home,5,99.99,5,,474.95,2025-11-04
BSH,BSH_ORD_20251104_0182,2025-11-04T22:28:38Z,CUST_03754,NA,US,Seattle,mobile_app,SKU-2001,home,2,99.99,15,,169.98,2025-11-04
BSH,BSH_ORD_20251104_0183,2025-11-04T02:38:46Z,CUST_01791,NA,US,Denver,mobile_app,SKU-1001,apparel,1,99.99,0,,99.99,2025-11-04
BSH,BSH_ORD_20251104_0184,2025-11-04T23:35:51Z,CUST_02632,NA,US,Austin,marketplace,SKU-1001,apparel,3,14.99,15,,38.22,2025-11-04
BSH,BSH_ORD_20251104_0185,2025-11-04T16:21:39Z,CUST_02570,NA,US,Austin,mobile_app,SKU-4001,electronics,5,9.99,10,,44.96,2025-11-04
BSH,BSH_ORD_20251104_0186,2025-11-04T08:20:53Z,CUST_03617,NA,US,Denver,mobile_app,SKU-1001,apparel,5,99.99,15,,424.96,2025-11-04
BSH,BSH_ORD_20251104_0187,2025-11-04T01:01:05Z,CUST_00246,EU,UK,London,marketplace,SKU-5001,outdoor,4,9.99,0,,39.96,2025-11-04
BSH,BSH_ORD_20251104_0188,2025-11-04T14:56:20Z,CUST_02143,NA,US,Austin,online,SKU-4001,electronics,1,9.99,15,,8.49,2025-11-04
BSH,BSH_ORD_20251104_0189,2025-11-04T16:32:04Z,CUST_02218,EU,DE,Berlin,marketplace,SKU-1001,apparel,1,99.99,0,,99.99,2025-11-04
BSH,BSH_ORD_20251104_0190,2025-11-04T06:37:25Z,CUST_04980,NA,US,Austin,marketplace,SKU-4001,electronics,3,49.99,15,,127.47,2025-11-04
